{
  "model_name": "forecast_catboost_v1",
  "features": [
    "last_close",
    "mean_5",
    "mean_20",
    "std_20",
    "momentum_3",
    "momentum_8",
    "ema_5",
    "ema_10",
    "ret_mean_5",
    "ret_std_20"
  ],
  "target_columns": [
    "target_1"
  ],
  "normalization": {
    "type": "zscore",
    "mean": [
      8320.4013671875,
      8320.03125,
      8318.3857421875,
      95.19403839111328,
      0.42469319701194763,
      1.5103819370269775,
      8320.1064453125,
      8319.642578125,
      0.00011972610809607431,
      0.007521859835833311
    ],
    "std": [
      14593.4619140625,
      14592.9140625,
      14590.9638671875,
      219.14361572265625,
      188.08030700683594,
      344.7851867675781,
      14592.939453125,
      14592.2041015625,
      0.004049153532832861,
      0.005128764547407627
    ]
  },
  "metrics": {
    "mae_delta": 31.671165842880725,
    "mape_price": 0.002971060487770053
  },
  "splits": {
    "train": 110241,
    "val": 23625
  },
  "data_dirs": [
    "data/features/v1/binance"
  ],
  "params": {
    "iterations": 600,
    "depth": 7,
    "learning_rate": 0.05,
    "random_state": 7,
    "target_index": 1
  }
}