{
  "model_name": "forecast_lgbm_moex_v1",
  "features": [
    "last_close",
    "mean_5",
    "mean_20",
    "std_20",
    "momentum_3",
    "momentum_8",
    "ema_5",
    "ema_10",
    "ret_mean_5",
    "ret_std_20"
  ],
  "target_columns": [
    "target_1",
    "target_2",
    "target_3",
    "target_4",
    "target_5",
    "target_6",
    "target_7",
    "target_8",
    "target_9",
    "target_10",
    "target_11",
    "target_12",
    "target_13",
    "target_14",
    "target_15",
    "target_16",
    "target_17",
    "target_18",
    "target_19",
    "target_20",
    "target_21",
    "target_22",
    "target_23",
    "target_24"
  ],
  "normalization": {
    "type": "zscore",
    "mean": [
      1455.2979736328125,
      1455.748046875,
      1457.2900390625,
      40.002952575683594,
      -0.46025753021240234,
      -1.4789955615997314,
      1455.6551513671875,
      1456.1058349609375,
      0.00015349368914030492,
      0.01621098257601261
    ],
    "std": [
      2046.689208984375,
      2047.0057373046875,
      2048.06689453125,
      75.00849914550781,
      64.75261688232422,
      122.27428436279297,
      2046.8438720703125,
      2047.0494384765625,
      0.00902261771261692,
      0.011333239264786243
    ]
  },
  "metrics": {
    "mae_delta": 72.96298252732362,
    "mape_price": 0.03572654584791295
  },
  "splits": {
    "train": 7350,
    "val": 1575
  },
  "data_dirs": [
    "data/features/v1/moex"
  ],
  "params": {
    "n_estimators": 400,
    "learning_rate": 0.05,
    "max_depth": 7,
    "num_leaves": 63,
    "random_state": 7
  }
}